Accuracy,Precision,Recall,F1_Score,ROC_AUC
0.5135334872979215,0.19954433263717486,0.5002379819133745,0.28528773072747016,0.5050503231905682
